ticker,exchange,name,product_type,size,price_tick,long_margin_rate,short_margin_rate,max_market_order_volume,min_market_order_volume,max_limit_order_volume,min_limit_order_volume,delivery_year,delivery_month
CF109,CZCE,棉花109,Futures,5,5.0,0.05,0.05,200,1,1000,1,2021,9
TA109,CZCE,化纤109,Futures,5,2.0,0.05,0.05,200,1,1000,1,2021,9
SR109,CZCE,白砂糖109,Futures,10,1.0,0.05,0.05,200,1,1000,1,2021,9
CY109,CZCE,棉纱109,Futures,5,5.0,0.05,0.05,200,1,1000,1,2021,9
FG109,CZCE,玻璃109,Futures,20,1.0,0.05,0.05,200,1,1000,1,2021,9
sc2109,INE,原油2109,Futures,1000,0.1,0.05,0.05,30,1,500,1,2021,9
sc2106,INE,原油2106,Futures,1000,0.1,0.05,0.05,30,1,500,1,2021,6
ag2103,SHFE,白银2103,Futures,15,1.0,0.08,0.08,30,1,500,1,2021,3
al2103,SHFE,铝2103,Futures,5,5.0,0.1,0.1,30,1,500,1,2021,3
au2104,SHFE,黄金2104,Futures,1000,0.02,0.08,0.08,30,1,500,1,2021,4
bu2203,SHFE,沥青2203,Futures,10,2.0,0.1,0.1,30,1,500,1,2022,3
cu2103,SHFE,铜2103,Futures,5,10.0,0.09,0.09,30,1,500,1,2021,3
hc2103,SHFE,热轧板2103,Futures,10,1.0,0.1,0.1,30,1,500,1,2021,3
ni2103,SHFE,镍2103,Futures,1,10.0,0.1,0.1,30,1,500,1,2021,3
pb2103,SHFE,铅2103,Futures,5,5.0,0.1,0.1,30,1,500,1,2021,3
rb2103,SHFE,螺纹钢2103,Futures,10,1.0,0.1,0.1,30,1,500,1,2021,3
ru2103,SHFE,天然橡胶2103,Futures,10,5.0,0.1,0.1,30,1,500,1,2021,3
sn2103,SHFE,锡2103,Futures,1,10.0,0.09,0.09,30,1,500,1,2021,3
sp2103,SHFE,漂针浆2103,Futures,10,2.0,0.07,0.07,30,1,500,1,2021,3
wr2103,SHFE,线材2103,Futures,10,1.0,0.2,0.2,30,1,500,1,2021,3
zn2103,SHFE,锌2103,Futures,5,5.0,0.1,0.1,30,1,500,1,2021,3
PM103,CZCE,普通小麦103,Futures,50,1.0,0.05,0.05,200,1,1000,1,2021,3
RI103,CZCE,早籼稻103,Futures,20,1.0,0.05,0.05,200,1,1000,1,2021,3
RM103,CZCE,菜籽粕103,Futures,10,1.0,0.05,0.05,200,1,1000,1,2021,3
SF103,CZCE,硅铁103,Futures,5,2.0,0.05,0.05,200,1,1000,1,2021,3
SM103,CZCE,锰硅103,Futures,5,2.0,0.05,0.05,200,1,1000,1,2021,3
WH103,CZCE,强筋麦103,Futures,20,1.0,0.05,0.05,200,1,1000,1,2021,3
a2103,DCE,黄大豆1号2103,Futures,10,1.0,0.05,0.05,1000,1,1000,1,2021,3
b2103,DCE,黄大豆2号2103,Futures,10,1.0,0.05,0.05,1000,1,1000,1,2021,3
bb2103,DCE,胶合板2103,Futures,500,0.05,0.2,0.2,1000,1,1000,1,2021,3
c2103,DCE,黄玉米2103,Futures,10,1.0,0.05,0.05,2000,1,2000,1,2021,3
cs2103,DCE,玉米淀粉2103,Futures,10,1.0,0.05,0.05,1000,1,1000,1,2021,3
fb2103,DCE,纤维板2103,Futures,500,0.05,0.2,0.2,1000,1,1000,1,2021,3
i2103,DCE,铁矿石2103,Futures,100,0.5,0.05,0.05,1000,1,1000,1,2021,3
j2103,DCE,焦炭2103,Futures,100,0.5,0.05,0.05,500,1,500,1,2021,3
jm2103,DCE,焦煤2103,Futures,60,0.5,0.05,0.05,1000,1,1000,1,2021,3
l2103,DCE,聚乙烯2103,Futures,5,5.0,0.05,0.05,1000,1,1000,1,2021,3
m2103,DCE,豆粕2103,Futures,10,1.0,0.05,0.05,1000,1,1000,1,2021,3
p2103,DCE,棕榈油2103,Futures,10,2.0,0.05,0.05,1000,1,1000,1,2021,3
pp2103,DCE,聚丙烯2103,Futures,5,1.0,0.05,0.05,1000,1,1000,1,2021,3
v2103,DCE,聚氯乙烯2103,Futures,5,5.0,0.05,0.05,1000,1,1000,1,2021,3
y2103,DCE,豆油2103,Futures,10,2.0,0.05,0.05,1000,1,1000,1,2021,3
CF105,CZCE,棉花105,Futures,5,5.0,0.05,0.05,200,1,1000,1,2021,5
SR105,CZCE,白砂糖105,Futures,10,1.0,0.05,0.05,200,1,1000,1,2021,5
TA105,CZCE,化纤105,Futures,5,2.0,0.05,0.05,200,1,1000,1,2021,5
a2105,DCE,黄大豆1号2105,Futures,10,1.0,0.05,0.05,1000,1,1000,1,2021,5
b2105,DCE,黄大豆2号2105,Futures,10,1.0,0.05,0.05,1000,1,1000,1,2021,5
bb2105,DCE,胶合板2105,Futures,500,0.05,0.2,0.2,1000,1,1000,1,2021,5
c2105,DCE,黄玉米2105,Futures,10,1.0,0.05,0.05,2000,1,2000,1,2021,5
cs2105,DCE,玉米淀粉2105,Futures,10,1.0,0.05,0.05,1000,1,1000,1,2021,5
ZC105,CZCE,动力煤ZC105,Futures,100,0.2,0.05,0.05,200,1,1000,1,2021,5
eg2106,DCE,乙二醇2106,Futures,10,1.0,0.05,0.05,1000,1,1000,1,2021,6
jd2106,DCE,鲜鸡蛋2106,Futures,10,1.0,0.08,0.08,300,1,300,1,2021,6
ZC109,CZCE,动力煤ZC109,Futures,100,0.2,0.05,0.05,200,1,1000,1,2021,9
fu2110,SHFE,燃料油2110,Futures,10,1.0,0.2,0.2,30,1,500,1,2021,10
sc2110,INE,原油2110,Futures,1000,0.1,0.05,0.05,30,1,500,1,2021,10
v2110,DCE,聚氯乙烯2110,Futures,5,5.0,0.05,0.05,1000,1,1000,1,2021,10
AP110,CZCE,苹果110,Futures,10,1.0,0.07,0.07,200,1,1000,1,2021,10
CY110,CZCE,棉纱110,Futures,5,5.0,0.05,0.05,200,1,1000,1,2021,10
FG110,CZCE,玻璃110,Futures,20,1.0,0.05,0.05,200,1,1000,1,2021,10
MA110,CZCE,甲醇MA110,Futures,10,1.0,0.07,0.07,200,1,1000,1,2021,10
SF110,CZCE,硅铁110,Futures,5,2.0,0.05,0.05,200,1,1000,1,2021,10
fu2103,SHFE,燃料油2103,Futures,10,1.0,0.2,0.2,30,1,500,1,2021,3
sc2303,INE,原油2303,Futures,1000,0.1,0.05,0.05,30,1,500,1,2023,3
fb2105,DCE,纤维板2105,Futures,500,0.05,0.2,0.2,1000,1,1000,1,2021,5
i2105,DCE,铁矿石2105,Futures,100,0.5,0.05,0.05,1000,1,1000,1,2021,5
j2105,DCE,焦炭2105,Futures,100,0.5,0.05,0.05,500,1,500,1,2021,5
jm2105,DCE,焦煤2105,Futures,60,0.5,0.05,0.05,1000,1,1000,1,2021,5
l2105,DCE,聚乙烯2105,Futures,5,5.0,0.05,0.05,1000,1,1000,1,2021,5
m2105,DCE,豆粕2105,Futures,10,1.0,0.05,0.05,1000,1,1000,1,2021,5
p2105,DCE,棕榈油2105,Futures,10,2.0,0.05,0.05,1000,1,1000,1,2021,5
pp2105,DCE,聚丙烯2105,Futures,5,1.0,0.05,0.05,1000,1,1000,1,2021,5
v2105,DCE,聚氯乙烯2105,Futures,5,5.0,0.05,0.05,1000,1,1000,1,2021,5
y2105,DCE,豆油2105,Futures,10,2.0,0.05,0.05,1000,1,1000,1,2021,5
AP105,CZCE,苹果105,Futures,10,1.0,0.07,0.07,200,1,1000,1,2021,5
CY105,CZCE,棉纱105,Futures,5,5.0,0.05,0.05,200,1,1000,1,2021,5
FG105,CZCE,玻璃105,Futures,20,1.0,0.05,0.05,200,1,1000,1,2021,5
JR105,CZCE,粳稻105,Futures,20,1.0,0.05,0.05,200,1,1000,1,2021,5
LR105,CZCE,晚籼稻105,Futures,20,1.0,0.05,0.05,200,1,1000,1,2021,5
MA105,CZCE,甲醇MA105,Futures,10,1.0,0.07,0.07,200,1,1000,1,2021,5
OI105,CZCE,菜籽油105,Futures,10,1.0,0.05,0.05,200,1,1000,1,2021,5
PM105,CZCE,普通小麦105,Futures,50,1.0,0.05,0.05,200,1,1000,1,2021,5
RI105,CZCE,早籼稻105,Futures,20,1.0,0.05,0.05,200,1,1000,1,2021,5
RM105,CZCE,菜籽粕105,Futures,10,1.0,0.05,0.05,200,1,1000,1,2021,5
SF105,CZCE,硅铁105,Futures,5,2.0,0.05,0.05,200,1,1000,1,2021,5
SM105,CZCE,锰硅105,Futures,5,2.0,0.05,0.05,200,1,1000,1,2021,5
WH105,CZCE,强筋麦105,Futures,20,1.0,0.05,0.05,200,1,1000,1,2021,5
ZC106,CZCE,动力煤ZC106,Futures,100,0.2,0.05,0.05,200,1,1000,1,2021,6
v2109,DCE,聚氯乙烯2109,Futures,5,5.0,0.05,0.05,1000,1,1000,1,2021,9
y2109,DCE,豆油2109,Futures,10,2.0,0.05,0.05,1000,1,1000,1,2021,9
SR111,CZCE,白砂糖111,Futures,10,1.0,0.05,0.05,200,1,1000,1,2021,11
CF111,CZCE,棉花111,Futures,5,5.0,0.05,0.05,200,1,1000,1,2021,11
TA111,CZCE,化纤111,Futures,5,2.0,0.05,0.05,200,1,1000,1,2021,11
SM110,CZCE,锰硅110,Futures,5,2.0,0.05,0.05,200,1,1000,1,2021,10
UR110,CZCE,尿素110,Futures,20,1.0,0.05,0.05,200,1,1000,1,2021,10
sc2111,INE,原油2111,Futures,1000,0.1,0.05,0.05,30,1,500,1,2021,11
fu2111,SHFE,燃料油2111,Futures,10,1.0,0.2,0.2,30,1,500,1,2021,11
ZC111,CZCE,动力煤ZC111,Futures,100,0.2,0.05,0.05,200,1,1000,1,2021,11
ZC112,CZCE,动力煤ZC112,Futures,100,0.2,0.05,0.05,200,1,1000,1,2021,12
TA112,CZCE,化纤112,Futures,5,2.0,0.05,0.05,200,1,1000,1,2021,12
b2112,DCE,黄大豆2号2112,Futures,10,1.0,0.05,0.05,1000,1,1000,1,2021,12
bb2112,DCE,胶合板2112,Futures,500,0.05,0.2,0.2,1000,1,1000,1,2021,12
fb2112,DCE,纤维板2112,Futures,500,0.05,0.2,0.2,1000,1,1000,1,2021,12
i2112,DCE,铁矿石2112,Futures,100,0.5,0.05,0.05,1000,1,1000,1,2021,12
j2112,DCE,焦炭2112,Futures,100,0.5,0.05,0.05,500,1,500,1,2021,12
jm2112,DCE,焦煤2112,Futures,60,0.5,0.05,0.05,1000,1,1000,1,2021,12
l2112,DCE,聚乙烯2112,Futures,5,5.0,0.05,0.05,1000,1,1000,1,2021,12
m2112,DCE,豆粕2112,Futures,10,1.0,0.05,0.05,1000,1,1000,1,2021,12
p2112,DCE,棕榈油2112,Futures,10,2.0,0.05,0.05,1000,1,1000,1,2021,12
pp2112,DCE,聚丙烯2112,Futures,5,1.0,0.05,0.05,1000,1,1000,1,2021,12
rr2112,DCE,粳米2112,Futures,10,1.0,0.06,0.06,1000,1,1000,1,2021,12
v2112,DCE,聚氯乙烯2112,Futures,5,5.0,0.05,0.05,1000,1,1000,1,2021,12
y2112,DCE,豆油2112,Futures,10,2.0,0.05,0.05,1000,1,1000,1,2021,12
AP112,CZCE,苹果112,Futures,10,1.0,0.07,0.07,200,1,1000,1,2021,12
CY112,CZCE,棉纱112,Futures,5,5.0,0.05,0.05,200,1,1000,1,2021,12
FG112,CZCE,玻璃112,Futures,20,1.0,0.05,0.05,200,1,1000,1,2021,12
MA112,CZCE,甲醇MA112,Futures,10,1.0,0.07,0.07,200,1,1000,1,2021,12
SF112,CZCE,硅铁112,Futures,5,2.0,0.05,0.05,200,1,1000,1,2021,12
SM112,CZCE,锰硅112,Futures,5,2.0,0.05,0.05,200,1,1000,1,2021,12
UR112,CZCE,尿素112,Futures,20,1.0,0.05,0.05,200,1,1000,1,2021,12
eb2112,DCE,苯乙烯2112,Futures,5,1.0,0.12,0.12,1000,1,1000,1,2021,12
eg2112,DCE,乙二醇2112,Futures,10,1.0,0.05,0.05,1000,1,1000,1,2021,12
fu2109,SHFE,燃料油2109,Futures,10,1.0,0.2,0.2,30,1,500,1,2021,9
sc2309,INE,原油2309,Futures,1000,0.1,0.05,0.05,30,1,500,1,2023,9
sc2102,INE,原油2102,Futures,1000,0.1,0.05,0.05,30,1,500,1,2021,2
fu2102,SHFE,燃料油2102,Futures,10,1.0,0.2,0.2,30,1,500,1,2021,2
ZC104,CZCE,动力煤ZC104,Futures,100,0.2,0.05,0.05,200,1,1000,1,2021,4
wr2111,SHFE,线材2111,Futures,10,1.0,0.2,0.2,30,1,500,1,2021,11
zn2111,SHFE,锌2111,Futures,5,5.0,0.1,0.1,30,1,500,1,2021,11
ag2111,SHFE,白银2111,Futures,15,1.0,0.08,0.08,30,1,500,1,2021,11
al2111,SHFE,铝2111,Futures,5,5.0,0.1,0.1,30,1,500,1,2021,11
au2112,SHFE,黄金2112,Futures,1000,0.02,0.08,0.08,30,1,500,1,2021,12
bu2105,SHFE,沥青2105,Futures,10,2.0,0.1,0.1,30,1,500,1,2021,5
cu2111,SHFE,铜2111,Futures,5,10.0,0.09,0.09,30,1,500,1,2021,11
hc2111,SHFE,热轧板2111,Futures,10,1.0,0.1,0.1,30,1,500,1,2021,11
ni2111,SHFE,镍2111,Futures,1,10.0,0.1,0.1,30,1,500,1,2021,11
pb2111,SHFE,铅2111,Futures,5,5.0,0.1,0.1,30,1,500,1,2021,11
rb2111,SHFE,螺纹钢2111,Futures,10,1.0,0.1,0.1,30,1,500,1,2021,11
ru2111,SHFE,天然橡胶2111,Futures,10,5.0,0.1,0.1,30,1,500,1,2021,11
sn2111,SHFE,锡2111,Futures,1,10.0,0.09,0.09,30,1,500,1,2021,11
sp2111,SHFE,漂针浆2111,Futures,10,2.0,0.07,0.07,30,1,500,1,2021,11
eb2101,DCE,苯乙烯2101,Futures,5,1.0,0.12,0.12,1000,1,1000,1,2021,1
eb2102,DCE,苯乙烯2102,Futures,5,1.0,0.12,0.12,1000,1,1000,1,2021,2
eb2103,DCE,苯乙烯2103,Futures,5,1.0,0.12,0.12,1000,1,1000,1,2021,3
eb2104,DCE,苯乙烯2104,Futures,5,1.0,0.12,0.12,1000,1,1000,1,2021,4
eb2105,DCE,苯乙烯2105,Futures,5,1.0,0.12,0.12,1000,1,1000,1,2021,5
eb2106,DCE,苯乙烯2106,Futures,5,1.0,0.12,0.12,1000,1,1000,1,2021,6
eb2107,DCE,苯乙烯2107,Futures,5,1.0,0.12,0.12,1000,1,1000,1,2021,7
eb2108,DCE,苯乙烯2108,Futures,5,1.0,0.12,0.12,1000,1,1000,1,2021,8
rr2101,DCE,粳米2101,Futures,10,1.0,0.06,0.06,1000,1,1000,1,2021,1
rr2102,DCE,粳米2102,Futures,10,1.0,0.06,0.06,1000,1,1000,1,2021,2
rr2103,DCE,粳米2103,Futures,10,1.0,0.06,0.06,1000,1,1000,1,2021,3
rr2104,DCE,粳米2104,Futures,10,1.0,0.06,0.06,1000,1,1000,1,2021,4
rr2105,DCE,粳米2105,Futures,10,1.0,0.06,0.06,1000,1,1000,1,2021,5
rr2106,DCE,粳米2106,Futures,10,1.0,0.06,0.06,1000,1,1000,1,2021,6
rr2107,DCE,粳米2107,Futures,10,1.0,0.06,0.06,1000,1,1000,1,2021,7
rr2108,DCE,粳米2108,Futures,10,1.0,0.06,0.06,1000,1,1000,1,2021,8
UR111,CZCE,尿素111,Futures,20,1.0,0.05,0.05,200,1,1000,1,2021,11
WH111,CZCE,强筋麦111,Futures,20,1.0,0.05,0.05,200,1,1000,1,2021,11
a2111,DCE,黄大豆1号2111,Futures,10,1.0,0.05,0.05,1000,1,1000,1,2021,11
b2111,DCE,黄大豆2号2111,Futures,10,1.0,0.05,0.05,1000,1,1000,1,2021,11
bb2111,DCE,胶合板2111,Futures,500,0.05,0.2,0.2,1000,1,1000,1,2021,11
IC2101,CFFEX,中证500股指2101,Futures,200,0.2,0.1,0.1,10,1,20,1,2021,1
IF2101,CFFEX,沪深300股指2101,Futures,300,0.2,0.1,0.1,10,1,20,1,2021,1
IH2101,CFFEX,上证50股指2101,Futures,300,0.2,0.1,0.1,10,1,20,1,2021,1
jd2111,DCE,鲜鸡蛋2111,Futures,10,1.0,0.08,0.08,300,1,300,1,2021,11
pg2111,DCE,液化石油气2111,Futures,20,1.0,0.11,0.11,1000,1,1000,1,2021,11
eb2111,DCE,苯乙烯2111,Futures,5,1.0,0.12,0.12,1000,1,1000,1,2021,11
eg2111,DCE,乙二醇2111,Futures,10,1.0,0.05,0.05,1000,1,1000,1,2021,11
jd2112,DCE,鲜鸡蛋2112,Futures,10,1.0,0.08,0.08,300,1,300,1,2021,12
pg2112,DCE,液化石油气2112,Futures,20,1.0,0.11,0.11,1000,1,1000,1,2021,12
ZC102,CZCE,动力煤ZC102,Futures,100,0.2,0.05,0.05,200,1,1000,1,2021,2
c2111,DCE,黄玉米2111,Futures,10,1.0,0.05,0.05,2000,1,2000,1,2021,11
cs2111,DCE,玉米淀粉2111,Futures,10,1.0,0.05,0.05,1000,1,1000,1,2021,11
fb2111,DCE,纤维板2111,Futures,500,0.05,0.2,0.2,1000,1,1000,1,2021,11
i2111,DCE,铁矿石2111,Futures,100,0.5,0.05,0.05,1000,1,1000,1,2021,11
j2111,DCE,焦炭2111,Futures,100,0.5,0.05,0.05,500,1,500,1,2021,11
jm2111,DCE,焦煤2111,Futures,60,0.5,0.05,0.05,1000,1,1000,1,2021,11
l2111,DCE,聚乙烯2111,Futures,5,5.0,0.05,0.05,1000,1,1000,1,2021,11
m2111,DCE,豆粕2111,Futures,10,1.0,0.05,0.05,1000,1,1000,1,2021,11
p2111,DCE,棕榈油2111,Futures,10,2.0,0.05,0.05,1000,1,1000,1,2021,11
pp2111,DCE,聚丙烯2111,Futures,5,1.0,0.05,0.05,1000,1,1000,1,2021,11
rr2111,DCE,粳米2111,Futures,10,1.0,0.06,0.06,1000,1,1000,1,2021,11
v2111,DCE,聚氯乙烯2111,Futures,5,5.0,0.05,0.05,1000,1,1000,1,2021,11
y2111,DCE,豆油2111,Futures,10,2.0,0.05,0.05,1000,1,1000,1,2021,11
AP111,CZCE,苹果111,Futures,10,1.0,0.07,0.07,200,1,1000,1,2021,11
CY111,CZCE,棉纱111,Futures,5,5.0,0.05,0.05,200,1,1000,1,2021,11
FG111,CZCE,玻璃111,Futures,20,1.0,0.05,0.05,200,1,1000,1,2021,11
JR111,CZCE,粳稻111,Futures,20,1.0,0.05,0.05,200,1,1000,1,2021,11
LR111,CZCE,晚籼稻111,Futures,20,1.0,0.05,0.05,200,1,1000,1,2021,11
MA111,CZCE,甲醇MA111,Futures,10,1.0,0.07,0.07,200,1,1000,1,2021,11
OI111,CZCE,菜籽油111,Futures,10,1.0,0.05,0.05,200,1,1000,1,2021,11
PM111,CZCE,普通小麦111,Futures,50,1.0,0.05,0.05,200,1,1000,1,2021,11
RI111,CZCE,早籼稻111,Futures,20,1.0,0.05,0.05,200,1,1000,1,2021,11
RM111,CZCE,菜籽粕111,Futures,10,1.0,0.05,0.05,200,1,1000,1,2021,11
RS111,CZCE,油菜籽111,Futures,10,1.0,0.05,0.05,200,1,1000,1,2021,11
SF111,CZCE,硅铁111,Futures,5,2.0,0.05,0.05,200,1,1000,1,2021,11
SM111,CZCE,锰硅111,Futures,5,2.0,0.05,0.05,200,1,1000,1,2021,11
TF2109,CFFEX,5年国债2109,Futures,10000,0.005,0.012,0.012,30,1,50,1,2021,9
TS2109,CFFEX,2年期国债2109,Futures,20000,0.005,0.005,0.005,30,1,50,1,2021,9
T2109,CFFEX,10年国债2109,Futures,10000,0.005,0.02,0.02,30,1,50,1,2021,9
ag2112,SHFE,白银2112,Futures,15,1.0,0.08,0.08,30,1,500,1,2021,12
al2112,SHFE,铝2112,Futures,5,5.0,0.1,0.1,30,1,500,1,2021,12
au2103,SHFE,黄金2103,Futures,1000,0.02,0.08,0.08,30,1,500,1,2021,3
bu2212,SHFE,沥青2212,Futures,10,2.0,0.1,0.1,30,1,500,1,2022,12
cu2112,SHFE,铜2112,Futures,5,10.0,0.09,0.09,30,1,500,1,2021,12
hc2112,SHFE,热轧板2112,Futures,10,1.0,0.1,0.1,30,1,500,1,2021,12
ni2112,SHFE,镍2112,Futures,1,10.0,0.1,0.1,30,1,500,1,2021,12
pb2112,SHFE,铅2112,Futures,5,5.0,0.1,0.1,30,1,500,1,2021,12
rb2112,SHFE,螺纹钢2112,Futures,10,1.0,0.1,0.1,30,1,500,1,2021,12
sn2112,SHFE,锡2112,Futures,1,10.0,0.09,0.09,30,1,500,1,2021,12
sp2112,SHFE,漂针浆2112,Futures,10,2.0,0.07,0.07,30,1,500,1,2021,12
wr2112,SHFE,线材2112,Futures,10,1.0,0.2,0.2,30,1,500,1,2021,12
zn2112,SHFE,锌2112,Futures,5,5.0,0.1,0.1,30,1,500,1,2021,12
IF2102,CFFEX,沪深300股指2102,Futures,300,0.2,0.1,0.1,10,1,20,1,2021,2
IH2102,CFFEX,上证50股指2102,Futures,300,0.2,0.1,0.1,10,1,20,1,2021,2
IC2102,CFFEX,中证500股指2102,Futures,200,0.2,0.1,0.1,10,1,20,1,2021,2
ag2102,SHFE,白银2102,Futures,15,1.0,0.08,0.08,30,1,500,1,2021,2
al2102,SHFE,铝2102,Futures,5,5.0,0.1,0.1,30,1,500,1,2021,2
cu2102,SHFE,铜2102,Futures,5,10.0,0.09,0.09,30,1,500,1,2021,2
hc2102,SHFE,热轧板2102,Futures,10,1.0,0.1,0.1,30,1,500,1,2021,2
ni2102,SHFE,镍2102,Futures,1,10.0,0.1,0.1,30,1,500,1,2021,2
pb2102,SHFE,铅2102,Futures,5,5.0,0.1,0.1,30,1,500,1,2021,2
rb2102,SHFE,螺纹钢2102,Futures,10,1.0,0.1,0.1,30,1,500,1,2021,2
sn2102,SHFE,锡2102,Futures,1,10.0,0.09,0.09,30,1,500,1,2021,2
sp2102,SHFE,漂针浆2102,Futures,10,2.0,0.07,0.07,30,1,500,1,2021,2
wr2102,SHFE,线材2102,Futures,10,1.0,0.2,0.2,30,1,500,1,2021,2
zn2102,SHFE,锌2102,Futures,5,5.0,0.1,0.1,30,1,500,1,2021,2
IC2106,CFFEX,中证500股指2106,Futures,200,0.2,0.1,0.1,10,1,20,1,2021,6
IF2106,CFFEX,沪深300股指2106,Futures,300,0.2,0.1,0.1,10,1,20,1,2021,6
IH2106,CFFEX,上证50股指2106,Futures,300,0.2,0.1,0.1,10,1,20,1,2021,6
ZC103,CZCE,动力煤ZC103,Futures,100,0.2,0.05,0.05,200,1,1000,1,2021,3
TA104,CZCE,化纤104,Futures,5,2.0,0.05,0.05,200,1,1000,1,2021,4
SM104,CZCE,锰硅104,Futures,5,2.0,0.05,0.05,200,1,1000,1,2021,4
ag2104,SHFE,白银2104,Futures,15,1.0,0.08,0.08,30,1,500,1,2021,4
al2104,SHFE,铝2104,Futures,5,5.0,0.1,0.1,30,1,500,1,2021,4
cu2104,SHFE,铜2104,Futures,5,10.0,0.09,0.09,30,1,500,1,2021,4
hc2104,SHFE,热轧板2104,Futures,10,1.0,0.1,0.1,30,1,500,1,2021,4
ni2104,SHFE,镍2104,Futures,1,10.0,0.1,0.1,30,1,500,1,2021,4
pb2104,SHFE,铅2104,Futures,5,5.0,0.1,0.1,30,1,500,1,2021,4
rb2104,SHFE,螺纹钢2104,Futures,10,1.0,0.1,0.1,30,1,500,1,2021,4
ru2104,SHFE,天然橡胶2104,Futures,10,5.0,0.1,0.1,30,1,500,1,2021,4
sn2104,SHFE,锡2104,Futures,1,10.0,0.09,0.09,30,1,500,1,2021,4
sp2104,SHFE,漂针浆2104,Futures,10,2.0,0.07,0.07,30,1,500,1,2021,4
wr2104,SHFE,线材2104,Futures,10,1.0,0.2,0.2,30,1,500,1,2021,4
zn2104,SHFE,锌2104,Futures,5,5.0,0.1,0.1,30,1,500,1,2021,4
b2104,DCE,黄大豆2号2104,Futures,10,1.0,0.05,0.05,1000,1,1000,1,2021,4
bb2104,DCE,胶合板2104,Futures,500,0.05,0.2,0.2,1000,1,1000,1,2021,4
fb2104,DCE,纤维板2104,Futures,500,0.05,0.2,0.2,1000,1,1000,1,2021,4
CY104,CZCE,棉纱104,Futures,5,5.0,0.05,0.05,200,1,1000,1,2021,4
FG104,CZCE,玻璃104,Futures,20,1.0,0.05,0.05,200,1,1000,1,2021,4
i2104,DCE,铁矿石2104,Futures,100,0.5,0.05,0.05,1000,1,1000,1,2021,4
j2104,DCE,焦炭2104,Futures,100,0.5,0.05,0.05,500,1,500,1,2021,4
jm2104,DCE,焦煤2104,Futures,60,0.5,0.05,0.05,1000,1,1000,1,2021,4
l2104,DCE,聚乙烯2104,Futures,5,5.0,0.05,0.05,1000,1,1000,1,2021,4
p2104,DCE,棕榈油2104,Futures,10,2.0,0.05,0.05,1000,1,1000,1,2021,4
pp2104,DCE,聚丙烯2104,Futures,5,1.0,0.05,0.05,1000,1,1000,1,2021,4
v2104,DCE,聚氯乙烯2104,Futures,5,5.0,0.05,0.05,1000,1,1000,1,2021,4
MA104,CZCE,甲醇MA104,Futures,10,1.0,0.07,0.07,200,1,1000,1,2021,4
SF104,CZCE,硅铁104,Futures,5,2.0,0.05,0.05,200,1,1000,1,2021,4
sc2107,INE,原油2107,Futures,1000,0.1,0.05,0.05,30,1,500,1,2021,7
fu2107,SHFE,燃料油2107,Futures,10,1.0,0.2,0.2,30,1,500,1,2021,7
SR107,CZCE,白砂糖107,Futures,10,1.0,0.05,0.05,200,1,1000,1,2021,7
CF107,CZCE,棉花107,Futures,5,5.0,0.05,0.05,200,1,1000,1,2021,7
TA107,CZCE,化纤107,Futures,5,2.0,0.05,0.05,200,1,1000,1,2021,7
a2107,DCE,黄大豆1号2107,Futures,10,1.0,0.05,0.05,1000,1,1000,1,2021,7
b2107,DCE,黄大豆2号2107,Futures,10,1.0,0.05,0.05,1000,1,1000,1,2021,7
bb2107,DCE,胶合板2107,Futures,500,0.05,0.2,0.2,1000,1,1000,1,2021,7
c2107,DCE,黄玉米2107,Futures,10,1.0,0.05,0.05,2000,1,2000,1,2021,7
cs2107,DCE,玉米淀粉2107,Futures,10,1.0,0.05,0.05,1000,1,1000,1,2021,7
fb2107,DCE,纤维板2107,Futures,500,0.05,0.2,0.2,1000,1,1000,1,2021,7
i2107,DCE,铁矿石2107,Futures,100,0.5,0.05,0.05,1000,1,1000,1,2021,7
j2107,DCE,焦炭2107,Futures,100,0.5,0.05,0.05,500,1,500,1,2021,7
jm2107,DCE,焦煤2107,Futures,60,0.5,0.05,0.05,1000,1,1000,1,2021,7
l2107,DCE,聚乙烯2107,Futures,5,5.0,0.05,0.05,1000,1,1000,1,2021,7
m2107,DCE,豆粕2107,Futures,10,1.0,0.05,0.05,1000,1,1000,1,2021,7
p2107,DCE,棕榈油2107,Futures,10,2.0,0.05,0.05,1000,1,1000,1,2021,7
pp2107,DCE,聚丙烯2107,Futures,5,1.0,0.05,0.05,1000,1,1000,1,2021,7
v2107,DCE,聚氯乙烯2107,Futures,5,5.0,0.05,0.05,1000,1,1000,1,2021,7
y2107,DCE,豆油2107,Futures,10,2.0,0.05,0.05,1000,1,1000,1,2021,7
AP107,CZCE,苹果107,Futures,10,1.0,0.07,0.07,200,1,1000,1,2021,7
CY107,CZCE,棉纱107,Futures,5,5.0,0.05,0.05,200,1,1000,1,2021,7
FG107,CZCE,玻璃107,Futures,20,1.0,0.05,0.05,200,1,1000,1,2021,7
JR107,CZCE,粳稻107,Futures,20,1.0,0.05,0.05,200,1,1000,1,2021,7
CF101,CZCE,棉花101,Futures,5,5.0,0.05,0.05,200,8,1000,8,2021,1
TA101,CZCE,化纤101,Futures,5,2.0,0.05,0.05,200,1,1000,1,2021,1
SR101,CZCE,白砂糖101,Futures,10,1.0,0.05,0.05,200,1,1000,1,2021,1
ag2101,SHFE,白银2101,Futures,15,1.0,0.08,0.08,30,2,500,2,2021,1
al2101,SHFE,铝2101,Futures,5,5.0,0.1,0.1,30,5,500,5,2021,1
au2102,SHFE,黄金2102,Futures,1000,0.02,0.08,0.08,30,1,500,1,2021,2
cu2101,SHFE,铜2101,Futures,5,10.0,0.09,0.09,30,5,500,5,2021,1
hc2101,SHFE,热轧板2101,Futures,10,1.0,0.1,0.1,30,30,500,30,2021,1
ni2101,SHFE,镍2101,Futures,1,10.0,0.1,0.1,30,6,500,6,2021,1
pb2101,SHFE,铅2101,Futures,5,5.0,0.1,0.1,30,5,500,5,2021,1
rb2101,SHFE,螺纹钢2101,Futures,10,1.0,0.1,0.1,30,30,500,30,2021,1
ru2101,SHFE,天然橡胶2101,Futures,10,5.0,0.1,0.1,30,1,500,1,2021,1
sn2101,SHFE,锡2101,Futures,1,10.0,0.09,0.09,30,2,500,2,2021,1
sp2101,SHFE,漂针浆2101,Futures,10,2.0,0.07,0.07,30,2,500,2,2021,1
wr2101,SHFE,线材2101,Futures,10,1.0,0.2,0.2,30,30,500,30,2021,1
zn2101,SHFE,锌2101,Futures,5,5.0,0.1,0.1,30,5,500,5,2021,1
AP101,CZCE,苹果101,Futures,10,1.0,0.07,0.07,200,2,1000,2,2021,1
CY101,CZCE,棉纱101,Futures,5,5.0,0.05,0.05,200,4,1000,4,2021,1
FG101,CZCE,玻璃101,Futures,20,1.0,0.05,0.05,200,1,1000,1,2021,1
JR101,CZCE,粳稻101,Futures,20,1.0,0.05,0.05,200,50,1000,50,2021,1
LR101,CZCE,晚籼稻101,Futures,20,1.0,0.05,0.05,200,1,1000,1,2021,1
MA101,CZCE,甲醇MA101,Futures,10,1.0,0.07,0.07,200,1,1000,1,2021,1
OI101,CZCE,菜籽油101,Futures,10,1.0,0.05,0.05,200,1,1000,1,2021,1
PM101,CZCE,普通小麦101,Futures,50,1.0,0.05,0.05,200,1,1000,1,2021,1
RI101,CZCE,早籼稻101,Futures,20,1.0,0.05,0.05,200,1,1000,1,2021,1
RM101,CZCE,菜籽粕101,Futures,10,1.0,0.05,0.05,200,1,1000,1,2021,1
SF101,CZCE,硅铁101,Futures,5,2.0,0.05,0.05,200,7,1000,7,2021,1
SM101,CZCE,锰硅101,Futures,5,2.0,0.05,0.05,200,7,1000,7,2021,1
ag2105,SHFE,白银2105,Futures,15,1.0,0.08,0.08,30,1,500,1,2021,5
al2105,SHFE,铝2105,Futures,5,5.0,0.1,0.1,30,1,500,1,2021,5
au2106,SHFE,黄金2106,Futures,1000,0.02,0.08,0.08,30,1,500,1,2021,6
cu2105,SHFE,铜2105,Futures,5,10.0,0.09,0.09,30,1,500,1,2021,5
hc2105,SHFE,热轧板2105,Futures,10,1.0,0.1,0.1,30,1,500,1,2021,5
ni2105,SHFE,镍2105,Futures,1,10.0,0.1,0.1,30,1,500,1,2021,5
pb2105,SHFE,铅2105,Futures,5,5.0,0.1,0.1,30,1,500,1,2021,5
rb2105,SHFE,螺纹钢2105,Futures,10,1.0,0.1,0.1,30,1,500,1,2021,5
ru2105,SHFE,天然橡胶2105,Futures,10,5.0,0.1,0.1,30,1,500,1,2021,5
sn2105,SHFE,锡2105,Futures,1,10.0,0.09,0.09,30,1,500,1,2021,5
sp2105,SHFE,漂针浆2105,Futures,10,2.0,0.07,0.07,30,1,500,1,2021,5
wr2105,SHFE,线材2105,Futures,10,1.0,0.2,0.2,30,1,500,1,2021,5
zn2105,SHFE,锌2105,Futures,5,5.0,0.1,0.1,30,1,500,1,2021,5
TA106,CZCE,化纤106,Futures,5,2.0,0.05,0.05,200,1,1000,1,2021,6
CY106,CZCE,棉纱106,Futures,5,5.0,0.05,0.05,200,1,1000,1,2021,6
FG106,CZCE,玻璃106,Futures,20,1.0,0.05,0.05,200,1,1000,1,2021,6
MA106,CZCE,甲醇MA106,Futures,10,1.0,0.07,0.07,200,1,1000,1,2021,6
SF106,CZCE,硅铁106,Futures,5,2.0,0.05,0.05,200,1,1000,1,2021,6
SM106,CZCE,锰硅106,Futures,5,2.0,0.05,0.05,200,1,1000,1,2021,6
b2106,DCE,黄大豆2号2106,Futures,10,1.0,0.05,0.05,1000,1,1000,1,2021,6
bb2106,DCE,胶合板2106,Futures,500,0.05,0.2,0.2,1000,1,1000,1,2021,6
fb2106,DCE,纤维板2106,Futures,500,0.05,0.2,0.2,1000,1,1000,1,2021,6
i2106,DCE,铁矿石2106,Futures,100,0.5,0.05,0.05,1000,1,1000,1,2021,6
j2106,DCE,焦炭2106,Futures,100,0.5,0.05,0.05,500,1,500,1,2021,6
jm2106,DCE,焦煤2106,Futures,60,0.5,0.05,0.05,1000,1,1000,1,2021,6
WH101,CZCE,强筋麦101,Futures,20,1.0,0.05,0.05,200,1,1000,1,2021,1
a2101,DCE,黄大豆1号2101,Futures,10,1.0,0.05,0.05,1000,1,1000,1,2021,1
b2101,DCE,黄大豆2号2101,Futures,10,1.0,0.05,0.05,1000,1,1000,1,2021,1
bb2101,DCE,胶合板2101,Futures,500,0.05,0.2,0.2,1000,1,1000,1,2021,1
c2101,DCE,黄玉米2101,Futures,10,1.0,0.05,0.05,2000,1,2000,1,2021,1
cs2101,DCE,玉米淀粉2101,Futures,10,1.0,0.05,0.05,1000,1,1000,1,2021,1
fb2101,DCE,纤维板2101,Futures,500,0.05,0.2,0.2,1000,1,1000,1,2021,1
i2101,DCE,铁矿石2101,Futures,100,0.5,0.05,0.05,1000,100,1000,100,2021,1
j2101,DCE,焦炭2101,Futures,100,0.5,0.05,0.05,500,10,500,10,2021,1
jm2101,DCE,焦煤2101,Futures,60,0.5,0.05,0.05,1000,100,1000,100,2021,1
l2101,DCE,聚乙烯2101,Futures,5,5.0,0.05,0.05,1000,1,1000,1,2021,1
m2101,DCE,豆粕2101,Futures,10,1.0,0.05,0.05,1000,1,1000,1,2021,1
p2101,DCE,棕榈油2101,Futures,10,2.0,0.05,0.05,1000,1,1000,1,2021,1
pp2101,DCE,聚丙烯2101,Futures,5,1.0,0.05,0.05,1000,1,1000,1,2021,1
v2101,DCE,聚氯乙烯2101,Futures,5,5.0,0.05,0.05,1000,1,1000,1,2021,1
y2101,DCE,豆油2101,Futures,10,2.0,0.05,0.05,1000,1,1000,1,2021,1
fu2104,SHFE,燃料油2104,Futures,10,1.0,0.2,0.2,30,1,500,1,2021,4
sc2104,INE,原油2104,Futures,1000,0.1,0.05,0.05,30,1,500,1,2021,4
eg2105,DCE,乙二醇2105,Futures,10,1.0,0.05,0.05,1000,1,1000,1,2021,5
jd2105,DCE,鲜鸡蛋2105,Futures,10,1.0,0.08,0.08,300,1,300,1,2021,5
pg2101,DCE,液化石油气2101,Futures,20,1.0,0.11,0.11,1000,1,1000,1,2021,1
pg2102,DCE,液化石油气2102,Futures,20,1.0,0.11,0.11,1000,1,1000,1,2021,2
pg2103,DCE,液化石油气2103,Futures,20,1.0,0.11,0.11,1000,1,1000,1,2021,3
pg2104,DCE,液化石油气2104,Futures,20,1.0,0.11,0.11,1000,1,1000,1,2021,4
pg2105,DCE,液化石油气2105,Futures,20,1.0,0.11,0.11,1000,1,1000,1,2021,5
pg2106,DCE,液化石油气2106,Futures,20,1.0,0.11,0.11,1000,1,1000,1,2021,6
eb2109,DCE,苯乙烯2109,Futures,5,1.0,0.12,0.12,1000,1,1000,1,2021,9
l2106,DCE,聚乙烯2106,Futures,5,5.0,0.05,0.05,1000,1,1000,1,2021,6
p2106,DCE,棕榈油2106,Futures,10,2.0,0.05,0.05,1000,1,1000,1,2021,6
pp2106,DCE,聚丙烯2106,Futures,5,1.0,0.05,0.05,1000,1,1000,1,2021,6
v2106,DCE,聚氯乙烯2106,Futures,5,5.0,0.05,0.05,1000,1,1000,1,2021,6
T2103,CFFEX,10年国债2103,Futures,10000,0.005,0.02,0.02,30,1,50,1,2021,3
TF2103,CFFEX,5年国债2103,Futures,10000,0.005,0.012,0.012,30,1,50,1,2021,3
TS2103,CFFEX,2年期国债2103,Futures,20000,0.005,0.005,0.005,30,1,50,1,2021,3
ag2106,SHFE,白银2106,Futures,15,1.0,0.08,0.08,30,1,500,1,2021,6
al2106,SHFE,铝2106,Futures,5,5.0,0.1,0.1,30,1,500,1,2021,6
bu2206,SHFE,沥青2206,Futures,10,2.0,0.1,0.1,30,1,500,1,2022,6
cu2106,SHFE,铜2106,Futures,5,10.0,0.09,0.09,30,1,500,1,2021,6
hc2106,SHFE,热轧板2106,Futures,10,1.0,0.1,0.1,30,1,500,1,2021,6
ni2106,SHFE,镍2106,Futures,1,10.0,0.1,0.1,30,1,500,1,2021,6
pb2106,SHFE,铅2106,Futures,5,5.0,0.1,0.1,30,1,500,1,2021,6
rb2106,SHFE,螺纹钢2106,Futures,10,1.0,0.1,0.1,30,1,500,1,2021,6
ru2106,SHFE,天然橡胶2106,Futures,10,5.0,0.1,0.1,30,1,500,1,2021,6
sn2106,SHFE,锡2106,Futures,1,10.0,0.09,0.09,30,1,500,1,2021,6
sp2106,SHFE,漂针浆2106,Futures,10,2.0,0.07,0.07,30,1,500,1,2021,6
wr2106,SHFE,线材2106,Futures,10,1.0,0.2,0.2,30,1,500,1,2021,6
zn2106,SHFE,锌2106,Futures,5,5.0,0.1,0.1,30,1,500,1,2021,6
LR107,CZCE,晚籼稻107,Futures,20,1.0,0.05,0.05,200,1,1000,1,2021,7
MA107,CZCE,甲醇MA107,Futures,10,1.0,0.07,0.07,200,1,1000,1,2021,7
OI107,CZCE,菜籽油107,Futures,10,1.0,0.05,0.05,200,1,1000,1,2021,7
PM107,CZCE,普通小麦107,Futures,50,1.0,0.05,0.05,200,1,1000,1,2021,7
RI107,CZCE,早籼稻107,Futures,20,1.0,0.05,0.05,200,1,1000,1,2021,7
RM107,CZCE,菜籽粕107,Futures,10,1.0,0.05,0.05,200,1,1000,1,2021,7
RS107,CZCE,油菜籽107,Futures,10,1.0,0.05,0.05,200,1,1000,1,2021,7
SF107,CZCE,硅铁107,Futures,5,2.0,0.05,0.05,200,1,1000,1,2021,7
eg2101,DCE,乙二醇2101,Futures,10,1.0,0.05,0.05,1000,1,1000,1,2021,1
jd2101,DCE,鲜鸡蛋2101,Futures,10,1.0,0.08,0.08,300,1,300,1,2021,1
eg2102,DCE,乙二醇2102,Futures,10,1.0,0.05,0.05,1000,1,1000,1,2021,2
jd2102,DCE,鲜鸡蛋2102,Futures,10,1.0,0.08,0.08,300,1,300,1,2021,2
IC2103,CFFEX,中证500股指2103,Futures,200,0.2,0.1,0.1,10,1,20,1,2021,3
IF2103,CFFEX,沪深300股指2103,Futures,300,0.2,0.1,0.1,10,1,20,1,2021,3
IH2103,CFFEX,上证50股指2103,Futures,300,0.2,0.1,0.1,10,1,20,1,2021,3
ag2108,SHFE,白银2108,Futures,15,1.0,0.08,0.08,30,1,500,1,2021,8
al2108,SHFE,铝2108,Futures,5,5.0,0.1,0.1,30,1,500,1,2021,8
bu2102,SHFE,沥青2102,Futures,10,2.0,0.1,0.1,30,1,500,1,2021,2
cu2108,SHFE,铜2108,Futures,5,10.0,0.09,0.09,30,1,500,1,2021,8
hc2108,SHFE,热轧板2108,Futures,10,1.0,0.1,0.1,30,1,500,1,2021,8
ni2108,SHFE,镍2108,Futures,1,10.0,0.1,0.1,30,1,500,1,2021,8
pb2108,SHFE,铅2108,Futures,5,5.0,0.1,0.1,30,1,500,1,2021,8
rb2108,SHFE,螺纹钢2108,Futures,10,1.0,0.1,0.1,30,1,500,1,2021,8
ru2108,SHFE,天然橡胶2108,Futures,10,5.0,0.1,0.1,30,1,500,1,2021,8
sn2108,SHFE,锡2108,Futures,1,10.0,0.09,0.09,30,1,500,1,2021,8
sp2108,SHFE,漂针浆2108,Futures,10,2.0,0.07,0.07,30,1,500,1,2021,8
wr2108,SHFE,线材2108,Futures,10,1.0,0.2,0.2,30,1,500,1,2021,8
zn2108,SHFE,锌2108,Futures,5,5.0,0.1,0.1,30,1,500,1,2021,8
T2106,CFFEX,10年国债2106,Futures,10000,0.005,0.02,0.02,30,1,50,1,2021,6
TF2106,CFFEX,5年国债2106,Futures,10000,0.005,0.012,0.012,30,1,50,1,2021,6
TS2106,CFFEX,2年期国债2106,Futures,20000,0.005,0.005,0.005,30,1,50,1,2021,6
ZC107,CZCE,动力煤ZC107,Futures,100,0.2,0.05,0.05,200,1,1000,1,2021,7
ag2109,SHFE,白银2109,Futures,15,1.0,0.08,0.08,30,1,500,1,2021,9
al2109,SHFE,铝2109,Futures,5,5.0,0.1,0.1,30,1,500,1,2021,9
au2110,SHFE,黄金2110,Futures,1000,0.02,0.08,0.08,30,1,500,1,2021,10
bu2209,SHFE,沥青2209,Futures,10,2.0,0.1,0.1,30,1,500,1,2022,9
cu2109,SHFE,铜2109,Futures,5,10.0,0.09,0.09,30,1,500,1,2021,9
hc2109,SHFE,热轧板2109,Futures,10,1.0,0.1,0.1,30,1,500,1,2021,9
ni2109,SHFE,镍2109,Futures,1,10.0,0.1,0.1,30,1,500,1,2021,9
pb2109,SHFE,铅2109,Futures,5,5.0,0.1,0.1,30,1,500,1,2021,9
rb2109,SHFE,螺纹钢2109,Futures,10,1.0,0.1,0.1,30,1,500,1,2021,9
ru2109,SHFE,天然橡胶2109,Futures,10,5.0,0.1,0.1,30,1,500,1,2021,9
sn2109,SHFE,锡2109,Futures,1,10.0,0.09,0.09,30,1,500,1,2021,9
sp2109,SHFE,漂针浆2109,Futures,10,2.0,0.07,0.07,30,1,500,1,2021,9
wr2109,SHFE,线材2109,Futures,10,1.0,0.2,0.2,30,1,500,1,2021,9
zn2109,SHFE,锌2109,Futures,5,5.0,0.1,0.1,30,1,500,1,2021,9
eg2109,DCE,乙二醇2109,Futures,10,1.0,0.05,0.05,1000,1,1000,1,2021,9
jd2109,DCE,鲜鸡蛋2109,Futures,10,1.0,0.08,0.08,300,1,300,1,2021,9
pg2109,DCE,液化石油气2109,Futures,20,1.0,0.11,0.11,1000,1,1000,1,2021,9
eb2110,DCE,苯乙烯2110,Futures,5,1.0,0.12,0.12,1000,1,1000,1,2021,10
eg2110,DCE,乙二醇2110,Futures,10,1.0,0.05,0.05,1000,1,1000,1,2021,10
jd2110,DCE,鲜鸡蛋2110,Futures,10,1.0,0.08,0.08,300,1,300,1,2021,10
pg2110,DCE,液化石油气2110,Futures,20,1.0,0.11,0.11,1000,1,1000,1,2021,10
SM107,CZCE,锰硅107,Futures,5,2.0,0.05,0.05,200,1,1000,1,2021,7
UR107,CZCE,尿素107,Futures,20,1.0,0.05,0.05,200,1,1000,1,2021,7
WH107,CZCE,强筋麦107,Futures,20,1.0,0.05,0.05,200,1,1000,1,2021,7
ag2107,SHFE,白银2107,Futures,15,1.0,0.08,0.08,30,1,500,1,2021,7
al2107,SHFE,铝2107,Futures,5,5.0,0.1,0.1,30,1,500,1,2021,7
au2108,SHFE,黄金2108,Futures,1000,0.02,0.08,0.08,30,1,500,1,2021,8
bu2101,SHFE,沥青2101,Futures,10,2.0,0.1,0.1,30,1,500,1,2021,1
cu2107,SHFE,铜2107,Futures,5,10.0,0.09,0.09,30,1,500,1,2021,7
hc2107,SHFE,热轧板2107,Futures,10,1.0,0.1,0.1,30,1,500,1,2021,7
ni2107,SHFE,镍2107,Futures,1,10.0,0.1,0.1,30,1,500,1,2021,7
pb2107,SHFE,铅2107,Futures,5,5.0,0.1,0.1,30,1,500,1,2021,7
rb2107,SHFE,螺纹钢2107,Futures,10,1.0,0.1,0.1,30,1,500,1,2021,7
ru2107,SHFE,天然橡胶2107,Futures,10,5.0,0.1,0.1,30,1,500,1,2021,7
sn2107,SHFE,锡2107,Futures,1,10.0,0.09,0.09,30,1,500,1,2021,7
sp2107,SHFE,漂针浆2107,Futures,10,2.0,0.07,0.07,30,1,500,1,2021,7
wr2107,SHFE,线材2107,Futures,10,1.0,0.2,0.2,30,1,500,1,2021,7
zn2107,SHFE,锌2107,Futures,5,5.0,0.1,0.1,30,1,500,1,2021,7
ZC108,CZCE,动力煤ZC108,Futures,100,0.2,0.05,0.05,200,1,1000,1,2021,8
TA110,CZCE,化纤110,Futures,5,2.0,0.05,0.05,200,1,1000,1,2021,10
b2110,DCE,黄大豆2号2110,Futures,10,1.0,0.05,0.05,1000,1,1000,1,2021,10
bb2110,DCE,胶合板2110,Futures,500,0.05,0.2,0.2,1000,1,1000,1,2021,10
fb2110,DCE,纤维板2110,Futures,500,0.05,0.2,0.2,1000,1,1000,1,2021,10
i2110,DCE,铁矿石2110,Futures,100,0.5,0.05,0.05,1000,1,1000,1,2021,10
j2110,DCE,焦炭2110,Futures,100,0.5,0.05,0.05,500,1,500,1,2021,10
jm2110,DCE,焦煤2110,Futures,60,0.5,0.05,0.05,1000,1,1000,1,2021,10
l2110,DCE,聚乙烯2110,Futures,5,5.0,0.05,0.05,1000,1,1000,1,2021,10
p2110,DCE,棕榈油2110,Futures,10,2.0,0.05,0.05,1000,1,1000,1,2021,10
pp2110,DCE,聚丙烯2110,Futures,5,1.0,0.05,0.05,1000,1,1000,1,2021,10
rr2110,DCE,粳米2110,Futures,10,1.0,0.06,0.06,1000,1,1000,1,2021,10
sc2306,INE,原油2306,Futures,1000,0.1,0.05,0.05,30,1,500,1,2023,6
fu2106,SHFE,燃料油2106,Futures,10,1.0,0.2,0.2,30,1,500,1,2021,6
TA108,CZCE,化纤108,Futures,5,2.0,0.05,0.05,200,1,1000,1,2021,8
m2108,DCE,豆粕2108,Futures,10,1.0,0.05,0.05,1000,1,1000,1,2021,8
p2108,DCE,棕榈油2108,Futures,10,2.0,0.05,0.05,1000,1,1000,1,2021,8
pp2108,DCE,聚丙烯2108,Futures,5,1.0,0.05,0.05,1000,1,1000,1,2021,8
v2108,DCE,聚氯乙烯2108,Futures,5,5.0,0.05,0.05,1000,1,1000,1,2021,8
y2108,DCE,豆油2108,Futures,10,2.0,0.05,0.05,1000,1,1000,1,2021,8
CY108,CZCE,棉纱108,Futures,5,5.0,0.05,0.05,200,1,1000,1,2021,8
FG108,CZCE,玻璃108,Futures,20,1.0,0.05,0.05,200,1,1000,1,2021,8
MA108,CZCE,甲醇MA108,Futures,10,1.0,0.07,0.07,200,1,1000,1,2021,8
RM108,CZCE,菜籽粕108,Futures,10,1.0,0.05,0.05,200,1,1000,1,2021,8
RS108,CZCE,油菜籽108,Futures,10,1.0,0.05,0.05,200,1,1000,1,2021,8
SF108,CZCE,硅铁108,Futures,5,2.0,0.05,0.05,200,1,1000,1,2021,8
SM108,CZCE,锰硅108,Futures,5,2.0,0.05,0.05,200,1,1000,1,2021,8
UR108,CZCE,尿素108,Futures,20,1.0,0.05,0.05,200,1,1000,1,2021,8
b2108,DCE,黄大豆2号2108,Futures,10,1.0,0.05,0.05,1000,1,1000,1,2021,8
bb2108,DCE,胶合板2108,Futures,500,0.05,0.2,0.2,1000,1,1000,1,2021,8
fb2108,DCE,纤维板2108,Futures,500,0.05,0.2,0.2,1000,1,1000,1,2021,8
i2108,DCE,铁矿石2108,Futures,100,0.5,0.05,0.05,1000,1,1000,1,2021,8
j2108,DCE,焦炭2108,Futures,100,0.5,0.05,0.05,500,1,500,1,2021,8
jm2108,DCE,焦煤2108,Futures,60,0.5,0.05,0.05,1000,1,1000,1,2021,8
l2108,DCE,聚乙烯2108,Futures,5,5.0,0.05,0.05,1000,1,1000,1,2021,8
eg2104,DCE,乙二醇2104,Futures,10,1.0,0.05,0.05,1000,1,1000,1,2021,4
jd2104,DCE,鲜鸡蛋2104,Futures,10,1.0,0.08,0.08,300,1,300,1,2021,4
fu2105,SHFE,燃料油2105,Futures,10,1.0,0.2,0.2,30,1,500,1,2021,5
sc2105,INE,原油2105,Futures,1000,0.1,0.05,0.05,30,1,500,1,2021,5
fu2108,SHFE,燃料油2108,Futures,10,1.0,0.2,0.2,30,1,500,1,2021,8
sc2108,INE,原油2108,Futures,1000,0.1,0.05,0.05,30,1,500,1,2021,8
ZC110,CZCE,动力煤ZC110,Futures,100,0.2,0.05,0.05,200,1,1000,1,2021,10
ag2110,SHFE,白银2110,Futures,15,1.0,0.08,0.08,30,1,500,1,2021,10
al2110,SHFE,铝2110,Futures,5,5.0,0.1,0.1,30,1,500,1,2021,10
au2101,SHFE,黄金2101,Futures,1000,0.02,0.08,0.08,30,3,500,3,2021,1
bu2104,SHFE,沥青2104,Futures,10,2.0,0.1,0.1,30,1,500,1,2021,4
cu2110,SHFE,铜2110,Futures,5,10.0,0.09,0.09,30,1,500,1,2021,10
hc2110,SHFE,热轧板2110,Futures,10,1.0,0.1,0.1,30,1,500,1,2021,10
ni2110,SHFE,镍2110,Futures,1,10.0,0.1,0.1,30,1,500,1,2021,10
pb2110,SHFE,铅2110,Futures,5,5.0,0.1,0.1,30,1,500,1,2021,10
rb2110,SHFE,螺纹钢2110,Futures,10,1.0,0.1,0.1,30,1,500,1,2021,10
ru2110,SHFE,天然橡胶2110,Futures,10,5.0,0.1,0.1,30,1,500,1,2021,10
sn2110,SHFE,锡2110,Futures,1,10.0,0.09,0.09,30,1,500,1,2021,10
sp2110,SHFE,漂针浆2110,Futures,10,2.0,0.07,0.07,30,1,500,1,2021,10
wr2110,SHFE,线材2110,Futures,10,1.0,0.2,0.2,30,1,500,1,2021,10
zn2110,SHFE,锌2110,Futures,5,5.0,0.1,0.1,30,1,500,1,2021,10
eg2103,DCE,乙二醇2103,Futures,10,1.0,0.05,0.05,1000,1,1000,1,2021,3
jd2103,DCE,鲜鸡蛋2103,Futures,10,1.0,0.08,0.08,300,1,300,1,2021,3
eg2107,DCE,乙二醇2107,Futures,10,1.0,0.05,0.05,1000,1,1000,1,2021,7
jd2107,DCE,鲜鸡蛋2107,Futures,10,1.0,0.08,0.08,300,1,300,1,2021,7
pg2107,DCE,液化石油气2107,Futures,20,1.0,0.11,0.11,1000,1,1000,1,2021,7
fu2112,SHFE,燃料油2112,Futures,10,1.0,0.2,0.2,30,1,500,1,2021,12
sc2312,INE,原油2312,Futures,1000,0.1,0.05,0.05,30,1,500,1,2023,12
eg2108,DCE,乙二醇2108,Futures,10,1.0,0.05,0.05,1000,1,1000,1,2021,8
jd2108,DCE,鲜鸡蛋2108,Futures,10,1.0,0.08,0.08,300,1,300,1,2021,8
pg2108,DCE,液化石油气2108,Futures,20,1.0,0.11,0.11,1000,1,1000,1,2021,8
JR109,CZCE,粳稻109,Futures,20,1.0,0.05,0.05,200,1,1000,1,2021,9
LR109,CZCE,晚籼稻109,Futures,20,1.0,0.05,0.05,200,1,1000,1,2021,9
MA109,CZCE,甲醇MA109,Futures,10,1.0,0.07,0.07,200,1,1000,1,2021,9
OI109,CZCE,菜籽油109,Futures,10,1.0,0.05,0.05,200,1,1000,1,2021,9
PM109,CZCE,普通小麦109,Futures,50,1.0,0.05,0.05,200,1,1000,1,2021,9
RI109,CZCE,早籼稻109,Futures,20,1.0,0.05,0.05,200,1,1000,1,2021,9
RM109,CZCE,菜籽粕109,Futures,10,1.0,0.05,0.05,200,1,1000,1,2021,9
RS109,CZCE,油菜籽109,Futures,10,1.0,0.05,0.05,200,1,1000,1,2021,9
SF109,CZCE,硅铁109,Futures,5,2.0,0.05,0.05,200,1,1000,1,2021,9
SM109,CZCE,锰硅109,Futures,5,2.0,0.05,0.05,200,1,1000,1,2021,9
UR109,CZCE,尿素109,Futures,20,1.0,0.05,0.05,200,1,1000,1,2021,9
WH109,CZCE,强筋麦109,Futures,20,1.0,0.05,0.05,200,1,1000,1,2021,9
a2109,DCE,黄大豆1号2109,Futures,10,1.0,0.05,0.05,1000,1,1000,1,2021,9
b2109,DCE,黄大豆2号2109,Futures,10,1.0,0.05,0.05,1000,1,1000,1,2021,9
bb2109,DCE,胶合板2109,Futures,500,0.05,0.2,0.2,1000,1,1000,1,2021,9
c2109,DCE,黄玉米2109,Futures,10,1.0,0.05,0.05,2000,1,2000,1,2021,9
cs2109,DCE,玉米淀粉2109,Futures,10,1.0,0.05,0.05,1000,1,1000,1,2021,9
fb2109,DCE,纤维板2109,Futures,500,0.05,0.2,0.2,1000,1,1000,1,2021,9
i2109,DCE,铁矿石2109,Futures,100,0.5,0.05,0.05,1000,1,1000,1,2021,9
j2109,DCE,焦炭2109,Futures,100,0.5,0.05,0.05,500,1,500,1,2021,9
jm2109,DCE,焦煤2109,Futures,60,0.5,0.05,0.05,1000,1,1000,1,2021,9
l2109,DCE,聚乙烯2109,Futures,5,5.0,0.05,0.05,1000,1,1000,1,2021,9
m2109,DCE,豆粕2109,Futures,10,1.0,0.05,0.05,1000,1,1000,1,2021,9
p2109,DCE,棕榈油2109,Futures,10,2.0,0.05,0.05,1000,1,1000,1,2021,9
pp2109,DCE,聚丙烯2109,Futures,5,1.0,0.05,0.05,1000,1,1000,1,2021,9
rr2109,DCE,粳米2109,Futures,10,1.0,0.06,0.06,1000,1,1000,1,2021,9
UR101,CZCE,尿素101,Futures,20,1.0,0.05,0.05,200,1,1000,1,2021,1
UR102,CZCE,尿素102,Futures,20,1.0,0.05,0.05,200,1,1000,1,2021,2
UR103,CZCE,尿素103,Futures,20,1.0,0.05,0.05,200,1,1000,1,2021,3
UR104,CZCE,尿素104,Futures,20,1.0,0.05,0.05,200,1,1000,1,2021,4
UR105,CZCE,尿素105,Futures,20,1.0,0.05,0.05,200,1,1000,1,2021,5
UR106,CZCE,尿素106,Futures,20,1.0,0.05,0.05,200,1,1000,1,2021,6
ZC101,CZCE,动力煤ZC101,Futures,100,0.2,0.05,0.05,200,100,1000,100,2021,1
TA102,CZCE,化纤102,Futures,5,2.0,0.05,0.05,200,1,1000,1,2021,2
CY102,CZCE,棉纱102,Futures,5,5.0,0.05,0.05,200,1,1000,1,2021,2
FG102,CZCE,玻璃102,Futures,20,1.0,0.05,0.05,200,1,1000,1,2021,2
MA102,CZCE,甲醇MA102,Futures,10,1.0,0.07,0.07,200,1,1000,1,2021,2
SF102,CZCE,硅铁102,Futures,5,2.0,0.05,0.05,200,1,1000,1,2021,2
SM102,CZCE,锰硅102,Futures,5,2.0,0.05,0.05,200,1,1000,1,2021,2
b2102,DCE,黄大豆2号2102,Futures,10,1.0,0.05,0.05,1000,1,1000,1,2021,2
bb2102,DCE,胶合板2102,Futures,500,0.05,0.2,0.2,1000,1,1000,1,2021,2
fb2102,DCE,纤维板2102,Futures,500,0.05,0.2,0.2,1000,1,1000,1,2021,2
i2102,DCE,铁矿石2102,Futures,100,0.5,0.05,0.05,1000,1,1000,1,2021,2
j2102,DCE,焦炭2102,Futures,100,0.5,0.05,0.05,500,1,500,1,2021,2
jm2102,DCE,焦煤2102,Futures,60,0.5,0.05,0.05,1000,1,1000,1,2021,2
l2102,DCE,聚乙烯2102,Futures,5,5.0,0.05,0.05,1000,1,1000,1,2021,2
p2102,DCE,棕榈油2102,Futures,10,2.0,0.05,0.05,1000,1,1000,1,2021,2
pp2102,DCE,聚丙烯2102,Futures,5,1.0,0.05,0.05,1000,1,1000,1,2021,2
v2102,DCE,聚氯乙烯2102,Futures,5,5.0,0.05,0.05,1000,1,1000,1,2021,2
CF103,CZCE,棉花103,Futures,5,5.0,0.05,0.05,200,1,1000,1,2021,3
TA103,CZCE,化纤103,Futures,5,2.0,0.05,0.05,200,1,1000,1,2021,3
SR103,CZCE,白砂糖103,Futures,10,1.0,0.05,0.05,200,1,1000,1,2021,3
AP103,CZCE,苹果103,Futures,10,1.0,0.07,0.07,200,1,1000,1,2021,3
CY103,CZCE,棉纱103,Futures,5,5.0,0.05,0.05,200,1,1000,1,2021,3
FG103,CZCE,玻璃103,Futures,20,1.0,0.05,0.05,200,1,1000,1,2021,3
JR103,CZCE,粳稻103,Futures,20,1.0,0.05,0.05,200,1,1000,1,2021,3
LR103,CZCE,晚籼稻103,Futures,20,1.0,0.05,0.05,200,1,1000,1,2021,3
MA103,CZCE,甲醇MA103,Futures,10,1.0,0.07,0.07,200,1,1000,1,2021,3
OI103,CZCE,菜籽油103,Futures,10,1.0,0.05,0.05,200,1,1000,1,2021,3
bu2112,SHFE,沥青2112,Futures,10,2.0,0.1,0.1,30,1,500,1,2021,12
sc2212,INE,原油2212,Futures,1000,0.1,0.05,0.05,30,1,500,1,2022,12
sc2209,INE,原油2209,Futures,1000,0.1,0.05,0.05,30,1,500,1,2022,9
bu2109,SHFE,沥青2109,Futures,10,2.0,0.1,0.1,30,1,500,1,2021,9
bu2103,SHFE,沥青2103,Futures,10,2.0,0.1,0.1,30,1,500,1,2021,3
bu2106,SHFE,沥青2106,Futures,10,2.0,0.1,0.1,30,1,500,1,2021,6
sc2103,INE,原油2103,Futures,1000,0.1,0.05,0.05,30,1,500,1,2021,3
sc2112,INE,原油2112,Futures,1000,0.1,0.05,0.05,30,1,500,1,2021,12
sc2206,INE,原油2206,Futures,1000,0.1,0.05,0.05,30,1,500,1,2022,6
sc2203,INE,原油2203,Futures,1000,0.1,0.05,0.05,30,1,500,1,2022,3
fu2201,SHFE,fu2201,Futures,10,1.0,0.0,0.0,30,1,500,1,2022,1
sc2201,INE,sc2201,Futures,1000,0.1,0.0,0.0,30,1,500,1,2022,1
